item,qty,spec,supplier,unit_cost_usd,make_buy,notes
1 Aluminium base plate and heat spreader,1,"6061 aluminium, 220 x 110 x 4 mm, drilled and tapped, with 4 PCB standoffs",Local metal supplier or online cut-to-size service,10.00,make,Indicative price; material and standoffs
2 Main PCB,1,"4-layer, 2 oz (70 um) copper, 150 x 95 mm, FR-4",PCB fabricator (5-board minimum order),10.00,buy,Indicative price per board
3 Cell monitor and protection IC,1,"TI BQ76952, 3 to 16 cells, TQFP-48 (0.5 mm pitch), integrated high-side NFET driver, coulomb counter, I2C",Electronics distributor (TI or authorized distributor),6.50,buy,Indicative price; decided by Amish (CGD-DDR-001, CGD-DDR-002)
4 Charge and discharge MOSFETs,8,"100 V N-channel, 2.5 mOhm or less at 25 C, top-side cooled TOLT package (CGD-DDR-002)",Electronics distributor,2.50,buy,Indicative price; 4 charge and 4 discharge
5 Current shunt,1,"0.25 mOhm, 3 W, metal element, 1 % tolerance, 50 ppm/K or better",Electronics distributor,2.50,buy,Indicative price
6 Microcontroller and CAN transceiver,1,"STM32G0B1 class (LQFP, 0.5 mm pitch) with FDCAN, plus 3.3 V CAN transceiver with low-power standby and bus wake",Electronics distributor,5.00,buy,Indicative price; decided by Amish (CGD-DDR-001, CGD-DDR-002)
7 Precharge resistor and switch,1,"100 ohm 10 W aluminium-housed resistor and 100 V P-channel MOSFET in DPAK class (35 W pulse for 0.2 s within SOA), decided (CGD-DDR-002)",Electronics distributor,3.00,buy,Indicative price
8 Pack fuse and holder,1,"60 A, DC rated 80 V or more, breaking capacity 10 kA or more; holder with an insulating base no larger than 44 x 32 mm, four M4 fixing holes and two M8 terminal studs whose blade faces sit 12.6 mm above its mounting face (CGD-DDR-003)",Electrical distributor,12.00,buy,Indicative price
9 Power terminals,4,"Through-hole soldered brass power terminals with an M6 male stud, 13 mm shoulder 6 mm tall (B+, B-, P+, P-), with nuts, washers and ring lugs",Hardware supplier,1.50,buy,Indicative price
10 Balance connector and lead harness,1,"17-way latching connector, 16 sense leads with ring terminals and inline protection",Electronics distributor,8.00,buy,Indicative price
11 Temperature sensors,1,"Three 10 kOhm NTC thermistors: two ring-lug probes, one SMD on the board",Electronics distributor,4.00,buy,Indicative price for the set
12 CAN and UART connector,1,"6-way latching connector (CAN-H, CAN-L, TX, RX, enable, ground) with mating plug",Electronics distributor,3.00,buy,Indicative price
13 Flame-retardant cover,1,"Polycarbonate, UL 94 V-0 grade, 2 mm wall, printed or cut and bent",Self (3D printing filament or sheet stock),5.00,make,Material cost only
14 Secondary protector and SCP fuse,1,"TI BQ77216 class independent OV, UV, open-wire and temperature protector (TSSOP-24, 0.65 mm pitch), self-control protector fuse rated for 40 A and 60 V DC or more, heater drive MOSFET and passives",Electronics distributor,10.00,buy,Indicative price; added for R4, decided by Amish (CGD-DDR-001, CGD-DDR-002); SCP rating at 40 A and 60 V to be confirmed
15 Supporting electronics,1,"60 V input buck regulator (leaded or SO PowerPAD package), 16 Mbit SPI flash, TVS diode, 16 balance resistors and switches, passives",Electronics distributor,16.00,buy,Indicative price; not shown in the model
16 Power cables,2,"10 mm2 (8 AWG) silicone cable, 0.5 m, with lugs",Electrical distributor,4.00,buy,Indicative price; not shown in the model
17 Gap pad and fixings,1,"1.0 mm electrically insulating gap pad (3 W/m.K, compresses to 0.7 mm), cut to 55 x 44 mm; 6 round aluminium spacers M3 x 3 mm (6 mm OD); 4 round aluminium pillars M3 female-female x 20 mm (5 mm OD); 6 M3 x 12 countersunk screws; 2 M3 nyloc nuts; 4 M3 x 6 pan-head screws; 4 M4 x 12 pan-head screws for the fuse holder; conformal coating",Hardware supplier,7.00,buy,Indicative price; in the model (CGD-DDR-003)
18 Fuse link,1,"Copper flat bar 14 x 3 mm (C101 or C110), 41 mm long, ends rounded to 7 mm radius, two holes 27 mm apart (6.5 and 8.5 mm), heat-shrink sleeve",Local metal supplier (offcut),2.00,make,Indicative price; joins the B+ stud to the fuse holder (CGD-DDR-003)
